review,sentiment
The product is just perfect for my needs.,positive
"This product is exactly as described, very happy.",positive
Absolutely love using this every day.,positive
"Fantastic value for money, I am happy with it.",positive
"Amazing quality, highly recommend it to others.",positive
I am very satisfied with this purchase.,positive
I'm delighted with how this product performs.,positive
Highly satisfied with the quality and features.,positive
This is the best purchase I have made recently.,positive
I absolutely love how this product works.,positive
This is the best purchase I have made recently.,positive
The product is just perfect for my needs.,positive
I'm delighted with how this product performs.,positive
Highly satisfied with the quality and features.,positive
The product is just perfect for my needs.,positive
I absolutely love how this product works.,positive
Absolutely love using this every day.,positive
"Fantastic value for money, I am happy with it.",positive
I absolutely love how this product works.,positive
Highly satisfied with the quality and features.,positive
The product is just perfect for my needs.,positive
I'm delighted with how this product performs.,positive
Highly satisfied with the quality and features.,positive
I'm delighted with how this product performs.,positive
"Amazing quality, highly recommend it to others.",positive
This is the best purchase I have made recently.,positive
This product works perfectly and I am impressed.,positive
I am very satisfied with this purchase.,positive
This is the best purchase I have made recently.,positive
"This product is exactly as described, very happy.",positive
The product is just perfect for my needs.,positive
Highly satisfied with the quality and features.,positive
This product works perfectly and I am impressed.,positive
It has been a great addition to my daily routine.,positive
This is the best purchase I have made recently.,positive
Absolutely love using this every day.,positive
Absolutely love using this every day.,positive
This is the best purchase I have made recently.,positive
I would definitely buy this product again.,positive
Absolutely love using this every day.,positive
I'm delighted with how this product performs.,positive
"Amazing quality, highly recommend it to others.",positive
Highly satisfied with the quality and features.,positive
This is the best purchase I have made recently.,positive
This is the best purchase I have made recently.,positive
"Fantastic value for money, I am happy with it.",positive
This product works perfectly and I am impressed.,positive
Highly satisfied with the quality and features.,positive
It has been a great addition to my daily routine.,positive
This is the best purchase I have made recently.,positive
"Exceeded my expectations, totally worth it.",positive
This product works perfectly and I am impressed.,positive
The product is just perfect for my needs.,positive
This is the best purchase I have made recently.,positive
It has been a great addition to my daily routine.,positive
Highly satisfied with the quality and features.,positive
Absolutely love using this every day.,positive
The product quality is excellent and met my expectations.,positive
Absolutely love using this every day.,positive
The product is just perfect for my needs.,positive
The product quality is excellent and met my expectations.,positive
This is the best purchase I have made recently.,positive
"This product is exactly as described, very happy.",positive
"Amazing quality, highly recommend it to others.",positive
Highly satisfied with the quality and features.,positive
This product works perfectly and I am impressed.,positive
"This product is exactly as described, very happy.",positive
This product works perfectly and I am impressed.,positive
"Fantastic value for money, I am happy with it.",positive
This is the best purchase I have made recently.,positive
The product quality is excellent and met my expectations.,positive
The product is just perfect for my needs.,positive
Highly satisfied with the quality and features.,positive
"This product is exactly as described, very happy.",positive
The product is just perfect for my needs.,positive
I'm delighted with how this product performs.,positive
I am very satisfied with this purchase.,positive
I would definitely buy this product again.,positive
I would definitely buy this product again.,positive
The product quality is excellent and met my expectations.,positive
"Fantastic value for money, I am happy with it.",positive
"Amazing quality, highly recommend it to others.",positive
I am very satisfied with this purchase.,positive
I absolutely love how this product works.,positive
Highly satisfied with the quality and features.,positive
"Amazing quality, highly recommend it to others.",positive
I would definitely buy this product again.,positive
This is the best purchase I have made recently.,positive
"Exceeded my expectations, totally worth it.",positive
I am very satisfied with this purchase.,positive
"This product is exactly as described, very happy.",positive
The product quality is excellent and met my expectations.,positive
I would definitely buy this product again.,positive
Absolutely love using this every day.,positive
"Fantastic value for money, I am happy with it.",positive
I am very satisfied with this purchase.,positive
I am very satisfied with this purchase.,positive
This product works perfectly and I am impressed.,positive
Absolutely love using this every day.,positive
"Amazing quality, highly recommend it to others.",positive
The product quality is excellent and met my expectations.,positive
"Amazing quality, highly recommend it to others.",positive
This is the best purchase I have made recently.,positive
This is the best purchase I have made recently.,positive
I am very satisfied with this purchase.,positive
Highly satisfied with the quality and features.,positive
I'm delighted with how this product performs.,positive
"Amazing quality, highly recommend it to others.",positive
I'm delighted with how this product performs.,positive
I absolutely love how this product works.,positive
Absolutely love using this every day.,positive
The product is just perfect for my needs.,positive
"Exceeded my expectations, totally worth it.",positive
This product works perfectly and I am impressed.,positive
I would definitely buy this product again.,positive
"Exceeded my expectations, totally worth it.",positive
I would definitely buy this product again.,positive
I absolutely love how this product works.,positive
This is the best purchase I have made recently.,positive
This product works perfectly and I am impressed.,positive
Highly satisfied with the quality and features.,positive
"Fantastic value for money, I am happy with it.",positive
It has been a great addition to my daily routine.,positive
"Amazing quality, highly recommend it to others.",positive
Absolutely love using this every day.,positive
I would definitely buy this product again.,positive
Absolutely love using this every day.,positive
The product is just perfect for my needs.,positive
"Amazing quality, highly recommend it to others.",positive
"This product is exactly as described, very happy.",positive
"This product is exactly as described, very happy.",positive
I absolutely love how this product works.,positive
Highly satisfied with the quality and features.,positive
It has been a great addition to my daily routine.,positive
I'm delighted with how this product performs.,positive
"Fantastic value for money, I am happy with it.",positive
It has been a great addition to my daily routine.,positive
The product is just perfect for my needs.,positive
I am very satisfied with this purchase.,positive
The product quality is excellent and met my expectations.,positive
"This product is exactly as described, very happy.",positive
"This product is exactly as described, very happy.",positive
Highly satisfied with the quality and features.,positive
"Amazing quality, highly recommend it to others.",positive
I absolutely love how this product works.,positive
This product works perfectly and I am impressed.,positive
"This product is exactly as described, very happy.",positive
I am very satisfied with this purchase.,positive
"Exceeded my expectations, totally worth it.",positive
This product works perfectly and I am impressed.,positive
The product is just perfect for my needs.,positive
"Exceeded my expectations, totally worth it.",positive
This is the best purchase I have made recently.,positive
This is the best purchase I have made recently.,positive
It has been a great addition to my daily routine.,positive
I absolutely love how this product works.,positive
It has been a great addition to my daily routine.,positive
I absolutely love how this product works.,positive
"This product is exactly as described, very happy.",positive
"Fantastic value for money, I am happy with it.",positive
Highly satisfied with the quality and features.,positive
Highly satisfied with the quality and features.,positive
Absolutely love using this every day.,positive
"This product is exactly as described, very happy.",positive
This is the best purchase I have made recently.,positive
Absolutely love using this every day.,positive
This product works perfectly and I am impressed.,positive
I would definitely buy this product again.,positive
Highly satisfied with the quality and features.,positive
This product works perfectly and I am impressed.,positive
I absolutely love how this product works.,positive
"This product is exactly as described, very happy.",positive
I would definitely buy this product again.,positive
"This product is exactly as described, very happy.",positive
Highly satisfied with the quality and features.,positive
The product quality is excellent and met my expectations.,positive
This product works perfectly and I am impressed.,positive
"Amazing quality, highly recommend it to others.",positive
"Amazing quality, highly recommend it to others.",positive
I am very satisfied with this purchase.,positive
The product is just perfect for my needs.,positive
I absolutely love how this product works.,positive
I'm delighted with how this product performs.,positive
I would definitely buy this product again.,positive
It has been a great addition to my daily routine.,positive
I'm delighted with how this product performs.,positive
The product is just perfect for my needs.,positive
The product quality is excellent and met my expectations.,positive
The product is just perfect for my needs.,positive
It has been a great addition to my daily routine.,positive
Highly satisfied with the quality and features.,positive
It has been a great addition to my daily routine.,positive
"Amazing quality, highly recommend it to others.",positive
"Amazing quality, highly recommend it to others.",positive
"This product is exactly as described, very happy.",positive
I would definitely buy this product again.,positive
This product works perfectly and I am impressed.,positive
I absolutely love how this product works.,positive
"Exceeded my expectations, totally worth it.",positive
"This product is exactly as described, very happy.",positive
I found the product to be a complete waste of time.,negative
"This was a huge disappointment, not worth the price.",negative
"It broke after just a few uses, waste of money.",negative
"The description was misleading, product is not good.",negative
I am not satisfied with this purchase at all.,negative
I found the product to be a complete waste of time.,negative
I am not satisfied with this purchase at all.,negative
"The product stopped working after a week, very frustrated.",negative
"The description was misleading, product is not good.",negative
"The quality is bad, I will be returning it.",negative
I had a bad experience with this product.,negative
"The product quality is very poor, do not recommend.",negative
"The product stopped working after a week, very frustrated.",negative
I had issues with the product right from the start.,negative
"Not happy with the quality, it feels cheap.",negative
"The product stopped working after a week, very frustrated.",negative
I found the product to be a complete waste of time.,negative
I am not satisfied with this purchase at all.,negative
"I regret buying this, terrible quality.",negative
"This product did not work as expected, very disappointing.",negative
It did not meet my expectations at all.,negative
"This product did not work as expected, very disappointing.",negative
"The product stopped working after a week, very frustrated.",negative
I found the product to be a complete waste of time.,negative
"This was a huge disappointment, not worth the price.",negative
"It broke after just a few uses, waste of money.",negative
I found the product to be a complete waste of time.,negative
"The description was misleading, product is not good.",negative
"The description was misleading, product is not good.",negative
I am not satisfied with this purchase at all.,negative
"This product did not work as expected, very disappointing.",negative
"This was a huge disappointment, not worth the price.",negative
"The description was misleading, product is not good.",negative
"The product quality is very poor, do not recommend.",negative
"I regret buying this, terrible quality.",negative
"Not happy with the quality, it feels cheap.",negative
"I regret buying this, terrible quality.",negative
"Not happy with the quality, it feels cheap.",negative
I found the product to be a complete waste of time.,negative
"It broke after just a few uses, waste of money.",negative
It did not meet my expectations at all.,negative
"The product quality is very poor, do not recommend.",negative
I had a bad experience with this product.,negative
I am not satisfied with this purchase at all.,negative
"The product is defective, I want a refund.",negative
"The quality is bad, I will be returning it.",negative
"I regret buying this, terrible quality.",negative
"The description was misleading, product is not good.",negative
"It broke after just a few uses, waste of money.",negative
"This product did not work as expected, very disappointing.",negative
It did not meet my expectations at all.,negative
I had issues with the product right from the start.,negative
"The quality is bad, I will be returning it.",negative
I had issues with the product right from the start.,negative
I am not satisfied with this purchase at all.,negative
I found the product to be a complete waste of time.,negative
"This was a huge disappointment, not worth the price.",negative
"The product quality is very poor, do not recommend.",negative
I found the product to be a complete waste of time.,negative
"This was a huge disappointment, not worth the price.",negative
I am not satisfied with this purchase at all.,negative
"The product quality is very poor, do not recommend.",negative
"The product quality is very poor, do not recommend.",negative
"The quality is bad, I will be returning it.",negative
"It broke after just a few uses, waste of money.",negative
I am not satisfied with this purchase at all.,negative
"The product is defective, I want a refund.",negative
"This was a huge disappointment, not worth the price.",negative
"The product quality is very poor, do not recommend.",negative
"It broke after just a few uses, waste of money.",negative
I had a bad experience with this product.,negative
I had a bad experience with this product.,negative
I found the product to be a complete waste of time.,negative
"The product stopped working after a week, very frustrated.",negative
"This was a huge disappointment, not worth the price.",negative
"This was a huge disappointment, not worth the price.",negative
"I regret buying this, terrible quality.",negative
"The product is defective, I want a refund.",negative
"The description was misleading, product is not good.",negative
"I regret buying this, terrible quality.",negative
"The product stopped working after a week, very frustrated.",negative
"Not happy with the quality, it feels cheap.",negative
"The description was misleading, product is not good.",negative
"It broke after just a few uses, waste of money.",negative
"The quality is bad, I will be returning it.",negative
"The description was misleading, product is not good.",negative
"The quality is bad, I will be returning it.",negative
I am not satisfied with this purchase at all.,negative
"The product is defective, I want a refund.",negative
"The product quality is very poor, do not recommend.",negative
"The product quality is very poor, do not recommend.",negative
"This was a huge disappointment, not worth the price.",negative
"The product quality is very poor, do not recommend.",negative
"The product is defective, I want a refund.",negative
"The product quality is very poor, do not recommend.",negative
"The quality is bad, I will be returning it.",negative
"This product did not work as expected, very disappointing.",negative
"It broke after just a few uses, waste of money.",negative
"The product quality is very poor, do not recommend.",negative
"This was a huge disappointment, not worth the price.",negative
"This product did not work as expected, very disappointing.",negative
"The product stopped working after a week, very frustrated.",negative
"Not happy with the quality, it feels cheap.",negative
"The product quality is very poor, do not recommend.",negative
I had a bad experience with this product.,negative
"The product stopped working after a week, very frustrated.",negative
"I regret buying this, terrible quality.",negative
I had a bad experience with this product.,negative
"The product stopped working after a week, very frustrated.",negative
"This was a huge disappointment, not worth the price.",negative
I am not satisfied with this purchase at all.,negative
"The product stopped working after a week, very frustrated.",negative
"I regret buying this, terrible quality.",negative
"The product is defective, I want a refund.",negative
"This was a huge disappointment, not worth the price.",negative
I am not satisfied with this purchase at all.,negative
"This was a huge disappointment, not worth the price.",negative
"It broke after just a few uses, waste of money.",negative
"This product did not work as expected, very disappointing.",negative
I had a bad experience with this product.,negative
"The description was misleading, product is not good.",negative
I had a bad experience with this product.,negative
"It broke after just a few uses, waste of money.",negative
I had a bad experience with this product.,negative
"The product stopped working after a week, very frustrated.",negative
I had issues with the product right from the start.,negative
"Not happy with the quality, it feels cheap.",negative
I am not satisfied with this purchase at all.,negative
"The description was misleading, product is not good.",negative
I am not satisfied with this purchase at all.,negative
I found the product to be a complete waste of time.,negative
"I regret buying this, terrible quality.",negative
"The product stopped working after a week, very frustrated.",negative
"Not happy with the quality, it feels cheap.",negative
"This was a huge disappointment, not worth the price.",negative
"It broke after just a few uses, waste of money.",negative
"This product did not work as expected, very disappointing.",negative
I am not satisfied with this purchase at all.,negative
"It broke after just a few uses, waste of money.",negative
"The product quality is very poor, do not recommend.",negative
I had issues with the product right from the start.,negative
I found the product to be a complete waste of time.,negative
"I regret buying this, terrible quality.",negative
"The product is defective, I want a refund.",negative
"The quality is bad, I will be returning it.",negative
It did not meet my expectations at all.,negative
"The description was misleading, product is not good.",negative
I am not satisfied with this purchase at all.,negative
"This was a huge disappointment, not worth the price.",negative
I found the product to be a complete waste of time.,negative
"The product is defective, I want a refund.",negative
I found the product to be a complete waste of time.,negative
I had a bad experience with this product.,negative
"The description was misleading, product is not good.",negative
I found the product to be a complete waste of time.,negative
"Not happy with the quality, it feels cheap.",negative
"The product stopped working after a week, very frustrated.",negative
"The quality is bad, I will be returning it.",negative
"The product is defective, I want a refund.",negative
"This was a huge disappointment, not worth the price.",negative
I found the product to be a complete waste of time.,negative
I am not satisfied with this purchase at all.,negative
It did not meet my expectations at all.,negative
I am not satisfied with this purchase at all.,negative
"I regret buying this, terrible quality.",negative
"The quality is bad, I will be returning it.",negative
"The quality is bad, I will be returning it.",negative
"This was a huge disappointment, not worth the price.",negative
"I regret buying this, terrible quality.",negative
I found the product to be a complete waste of time.,negative
"The product stopped working after a week, very frustrated.",negative
"I regret buying this, terrible quality.",negative
"I regret buying this, terrible quality.",negative
"I regret buying this, terrible quality.",negative
I had a bad experience with this product.,negative
I had issues with the product right from the start.,negative
I am not satisfied with this purchase at all.,negative
I am not satisfied with this purchase at all.,negative
It did not meet my expectations at all.,negative
It did not meet my expectations at all.,negative
I had a bad experience with this product.,negative
"The product quality is very poor, do not recommend.",negative
I had a bad experience with this product.,negative
I found the product to be a complete waste of time.,negative
"This product did not work as expected, very disappointing.",negative
"The product stopped working after a week, very frustrated.",negative
"The product stopped working after a week, very frustrated.",negative
"The description was misleading, product is not good.",negative
"The product is defective, I want a refund.",negative
"It broke after just a few uses, waste of money.",negative
"It broke after just a few uses, waste of money.",negative
I am not satisfied with this purchase at all.,negative
"It broke after just a few uses, waste of money.",negative
"This product did not work as expected, very disappointing.",negative
"I regret buying this, terrible quality.",negative
"The product stopped working after a week, very frustrated.",negative
"I regret buying this, terrible quality.",negative
It did not meet my expectations at all.,negative
"Not happy with the quality, it feels cheap.",negative
"The description was misleading, product is not good.",negative
"It works, but don't expect anything amazing.",neutral
"Nothing wrong with the product, just average.",neutral
"It's a decent product, but not impressive.",neutral
"The product is just as expected, nothing more.",neutral
"This is an average product, decent for the price.",neutral
"The product is just as expected, nothing more.",neutral
"It's acceptable, but nothing to rave about.",neutral
"The product does the job, but nothing extraordinary.",neutral
"It works, but don't expect anything amazing.",neutral
"It is fine for what it is, no complaints.",neutral
"This is an average product, decent for the price.",neutral
"It's acceptable, but nothing to rave about.",neutral
"The product works as described, but it's ordinary.",neutral
"The product does the job, but nothing extraordinary.",neutral
"The product does the job, but nothing extraordinary.",neutral
"It's a decent product, but not impressive.",neutral
"The product works as described, but it's ordinary.",neutral
"The product does the job, but nothing extraordinary.",neutral
"It works, but don't expect anything amazing.",neutral
"The product is okay, nothing special about it.",neutral
"I found the product to be just okay, nothing too great.",neutral
"It's a decent product, but not impressive.",neutral
"This is an average product, decent for the price.",neutral
"It works, but don't expect anything amazing.",neutral
"The product is okay, nothing special about it.",neutral
"The product does the job, but nothing extraordinary.",neutral
"It's a decent product, but not impressive.",neutral
"It works fine, but not great.",neutral
"I found the product to be just okay, nothing too great.",neutral
"It works fine, but not great.",neutral
"This product is fine, but not outstanding.",neutral
"This is an average product, decent for the price.",neutral
"This is an average product, decent for the price.",neutral
"The product is okay, nothing special about it.",neutral
"It's a decent product, but not impressive.",neutral
"The product is just as expected, nothing more.",neutral
"The product works as described, but it's ordinary.",neutral
The product is sufficient for its purpose.,neutral
"It works fine, but not great.",neutral
"The product is okay, nothing special about it.",neutral
"It's acceptable, but nothing to rave about.",neutral
"Nothing wrong with the product, just average.",neutral
"Nothing wrong with the product, just average.",neutral
"The product does the job, but nothing extraordinary.",neutral
"It's acceptable, but nothing to rave about.",neutral
"The product is okay, nothing special about it.",neutral
"I found the product to be just okay, nothing too great.",neutral
"Nothing wrong with the product, just average.",neutral
"This product is fine, but not outstanding.",neutral
"This product is fine, but not outstanding.",neutral
"It works, but don't expect anything amazing.",neutral
"The product does the job, but nothing extraordinary.",neutral
"It works, but don't expect anything amazing.",neutral
"It's acceptable, but nothing to rave about.",neutral
"The product does the job, but nothing extraordinary.",neutral
"This product is fine, but not outstanding.",neutral
"The product is just as expected, nothing more.",neutral
"It works fine, but not great.",neutral
"This product is fine, but not outstanding.",neutral
The product is sufficient for its purpose.,neutral
"The product works as described, but it's ordinary.",neutral
"This product is fine, but not outstanding.",neutral
"It is fine for what it is, no complaints.",neutral
"This product is fine, but not outstanding.",neutral
"The product works as described, but it's ordinary.",neutral
"It's acceptable, but nothing to rave about.",neutral
"This is a standard product, meets the basic requirements.",neutral
"This product is fine, but not outstanding.",neutral
"It works, but don't expect anything amazing.",neutral
The product is sufficient for its purpose.,neutral
"I found the product to be just okay, nothing too great.",neutral
The product is sufficient for its purpose.,neutral
"It is fine for what it is, no complaints.",neutral
"The product does the job, but nothing extraordinary.",neutral
"This is a standard product, meets the basic requirements.",neutral
"The product is just as expected, nothing more.",neutral
"The product is just as expected, nothing more.",neutral
"It's acceptable, but nothing to rave about.",neutral
"It's acceptable, but nothing to rave about.",neutral
"This is a standard product, meets the basic requirements.",neutral
"Nothing wrong with the product, just average.",neutral
"It works fine, but not great.",neutral
"The product is okay, nothing special about it.",neutral
"The product is okay, nothing special about it.",neutral
"The product is okay, nothing special about it.",neutral
"This product is fine, but not outstanding.",neutral
"It works fine, but not great.",neutral
"It works fine, but not great.",neutral
"It works fine, but not great.",neutral
"Nothing wrong with the product, just average.",neutral
"This is an average product, decent for the price.",neutral
"It works, but don't expect anything amazing.",neutral
"It works fine, but not great.",neutral
"This product is fine, but not outstanding.",neutral
"This product is fine, but not outstanding.",neutral
"This is an average product, decent for the price.",neutral
"It's a decent product, but not impressive.",neutral
"This product is fine, but not outstanding.",neutral
The product is sufficient for its purpose.,neutral
"The product is just as expected, nothing more.",neutral
"The product is okay, nothing special about it.",neutral
"This is a standard product, meets the basic requirements.",neutral
"It works fine, but not great.",neutral
"It's a decent product, but not impressive.",neutral
"It's acceptable, but nothing to rave about.",neutral
"Nothing wrong with the product, just average.",neutral
"It works fine, but not great.",neutral
"The product does the job, but nothing extraordinary.",neutral
"This is an average product, decent for the price.",neutral
"I found the product to be just okay, nothing too great.",neutral
"The product does the job, but nothing extraordinary.",neutral
"I found the product to be just okay, nothing too great.",neutral
"I found the product to be just okay, nothing too great.",neutral
"The product is just as expected, nothing more.",neutral
"Nothing wrong with the product, just average.",neutral
"It is fine for what it is, no complaints.",neutral
"It works fine, but not great.",neutral
"Nothing wrong with the product, just average.",neutral
The product is sufficient for its purpose.,neutral
The product is sufficient for its purpose.,neutral
"This is an average product, decent for the price.",neutral
"The product does the job, but nothing extraordinary.",neutral
"This is an average product, decent for the price.",neutral
"I found the product to be just okay, nothing too great.",neutral
"This is a standard product, meets the basic requirements.",neutral
"The product works as described, but it's ordinary.",neutral
"This is an average product, decent for the price.",neutral
"This is an average product, decent for the price.",neutral
"The product is okay, nothing special about it.",neutral
"I found the product to be just okay, nothing too great.",neutral
"The product is just as expected, nothing more.",neutral
"The product works as described, but it's ordinary.",neutral
"It is fine for what it is, no complaints.",neutral
"The product works as described, but it's ordinary.",neutral
"The product does the job, but nothing extraordinary.",neutral
"The product is just as expected, nothing more.",neutral
"This is an average product, decent for the price.",neutral
"This is a standard product, meets the basic requirements.",neutral
"This is a standard product, meets the basic requirements.",neutral
"It works, but don't expect anything amazing.",neutral
"The product works as described, but it's ordinary.",neutral
"The product is okay, nothing special about it.",neutral
"This is a standard product, meets the basic requirements.",neutral
"The product does the job, but nothing extraordinary.",neutral
"The product works as described, but it's ordinary.",neutral
"The product does the job, but nothing extraordinary.",neutral
"It's acceptable, but nothing to rave about.",neutral
"Nothing wrong with the product, just average.",neutral
The product is sufficient for its purpose.,neutral
"It is fine for what it is, no complaints.",neutral
"It's acceptable, but nothing to rave about.",neutral
The product is sufficient for its purpose.,neutral
The product is sufficient for its purpose.,neutral
"It works, but don't expect anything amazing.",neutral
"It is fine for what it is, no complaints.",neutral
The product is sufficient for its purpose.,neutral
"The product works as described, but it's ordinary.",neutral
"I found the product to be just okay, nothing too great.",neutral
"It works fine, but not great.",neutral
"I found the product to be just okay, nothing too great.",neutral
"I found the product to be just okay, nothing too great.",neutral
"The product works as described, but it's ordinary.",neutral
"The product is okay, nothing special about it.",neutral
"This product is fine, but not outstanding.",neutral
"It works, but don't expect anything amazing.",neutral
"The product does the job, but nothing extraordinary.",neutral
"It's acceptable, but nothing to rave about.",neutral
"Nothing wrong with the product, just average.",neutral
"It works, but don't expect anything amazing.",neutral
"It's a decent product, but not impressive.",neutral
"The product does the job, but nothing extraordinary.",neutral
"The product does the job, but nothing extraordinary.",neutral
"This is an average product, decent for the price.",neutral
"Nothing wrong with the product, just average.",neutral
"The product does the job, but nothing extraordinary.",neutral
"The product is just as expected, nothing more.",neutral
The product is sufficient for its purpose.,neutral
"It works fine, but not great.",neutral
"It works fine, but not great.",neutral
"The product is just as expected, nothing more.",neutral
"The product is just as expected, nothing more.",neutral
"This product is fine, but not outstanding.",neutral
"It is fine for what it is, no complaints.",neutral
"Nothing wrong with the product, just average.",neutral
"I found the product to be just okay, nothing too great.",neutral
"I found the product to be just okay, nothing too great.",neutral
"I found the product to be just okay, nothing too great.",neutral
"This product is fine, but not outstanding.",neutral
"The product works as described, but it's ordinary.",neutral
"It works fine, but not great.",neutral
"The product is okay, nothing special about it.",neutral
"It's a decent product, but not impressive.",neutral
"The product is okay, nothing special about it.",neutral
"The product does the job, but nothing extraordinary.",neutral
"It's a decent product, but not impressive.",neutral
"The product is just as expected, nothing more.",neutral
"The product does the job, but nothing extraordinary.",neutral
"The product does the job, but nothing extraordinary.",neutral
"The product does the job, but nothing extraordinary.",neutral
"It works, but don't expect anything amazing.",neutral
